event_id,machine_id,scheduled_date,pm_type,status
EV-1001,IM1,2026-07-01,1M,Closed
EV-1002,IM1,2026-07-31,1M,Closed
EV-1003,IM1,2026-08-28,3M,Late
EV-1004,IM1,2026-09-29,1M,Scheduled
EV-1005,IM1,2026-10-29,1M,Scheduled
EV-1006,IM1,2026-11-27,6M,Scheduled
EV-1007,IM1,2026-07-08,1W,Closed
EV-1008,IM1,2026-07-16,1W,Closed
EV-1009,IM1,2026-07-20,1W,Closed
EV-1010,IM1,2026-08-04,1W,Closed
EV-1011,IM1,2026-08-13,1W,Closed
EV-1012,IM1,2026-08-21,1W,Closed
EV-1013,IM1,2026-09-01,1W,Scheduled
EV-1014,IM1,2026-09-07,1W,Scheduled
EV-1015,IM1,2026-09-18,1W,Scheduled
EV-1016,IM1,2026-09-21,1W,Scheduled
EV-1017,IM1,2026-10-09,1W,Scheduled
EV-1018,IM1,2026-10-12,1W,Scheduled
EV-1019,IM1,2026-10-21,1W,Scheduled
EV-1020,IM1,2026-11-06,1W,Scheduled
EV-1021,IM1,2026-11-13,1W,Scheduled
EV-1022,IM1,2026-11-20,1W,Scheduled
EV-1023,IM1,2026-12-02,1W,Scheduled
EV-1024,IM1,2026-12-09,1W,Scheduled
EV-1025,IM1,2026-12-17,1W,Scheduled
EV-1026,IM1,2026-12-25,1W,Scheduled
EV-1027,IM1,2026-12-31,1W,Scheduled
EV-1028,IM2,2026-07-03,1M,Closed
EV-1029,IM2,2026-08-03,3M,Closed
EV-1030,IM2,2026-09-02,1M,Scheduled
EV-1031,IM2,2026-10-02,1M,Scheduled
EV-1032,IM2,2026-10-30,6M,Scheduled
EV-1033,IM2,2026-12-01,1M,Scheduled
EV-1034,IM2,2026-07-09,1W,Closed
EV-1035,IM2,2026-07-15,1W,Closed
EV-1036,IM2,2026-07-22,1W,Closed
EV-1037,IM2,2026-07-29,1W,Closed
EV-1038,IM2,2026-08-14,1W,Closed
EV-1039,IM2,2026-08-21,1W,Closed
EV-1040,IM2,2026-08-26,1W,Closed
EV-1041,IM2,2026-09-10,1W,Scheduled
EV-1042,IM2,2026-09-16,1W,Scheduled
EV-1043,IM2,2026-09-24,1W,Scheduled
EV-1044,IM2,2026-10-08,1W,Scheduled
EV-1045,IM2,2026-10-16,1W,Scheduled
EV-1046,IM2,2026-10-22,1W,Scheduled
EV-1047,IM2,2026-11-04,1W,Scheduled
EV-1048,IM2,2026-11-09,1W,Scheduled
EV-1049,IM2,2026-11-16,1W,Scheduled
EV-1050,IM2,2026-11-26,1W,Scheduled
EV-1051,IM2,2026-12-10,1W,Scheduled
EV-1052,IM2,2026-12-14,1W,Scheduled
EV-1053,IM2,2026-12-22,1W,Scheduled
EV-1054,IM2,2026-12-31,1W,Scheduled
EV-1055,IM3,2026-07-07,3M,Closed
EV-1056,IM3,2026-08-06,1M,Closed
EV-1057,IM3,2026-09-04,1M,Scheduled
EV-1058,IM3,2026-10-05,6M,Scheduled
EV-1059,IM3,2026-11-04,1M,Scheduled
EV-1060,IM3,2026-12-04,1M,Scheduled
EV-1061,IM3,2026-07-16,1W,Closed
EV-1062,IM3,2026-07-21,1W,Closed
EV-1063,IM3,2026-07-31,1W,Closed
EV-1064,IM3,2026-08-11,1W,Closed
EV-1065,IM3,2026-08-20,1W,Closed
EV-1066,IM3,2026-08-24,1W,Closed
EV-1067,IM3,2026-09-09,1W,Scheduled
EV-1068,IM3,2026-09-17,1W,Scheduled
EV-1069,IM3,2026-09-24,1W,Scheduled
EV-1070,IM3,2026-09-28,1W,Scheduled
EV-1071,IM3,2026-10-15,1W,Scheduled
EV-1072,IM3,2026-10-20,1W,Scheduled
EV-1073,IM3,2026-10-26,1W,Scheduled
EV-1074,IM3,2026-11-12,1W,Scheduled
EV-1075,IM3,2026-11-19,1W,Scheduled
EV-1076,IM3,2026-11-26,1W,Scheduled
EV-1077,IM3,2026-12-07,1W,Scheduled
EV-1078,IM3,2026-12-14,1W,Scheduled
EV-1079,IM3,2026-12-25,1W,Scheduled
EV-1080,IM3,2026-12-30,1W,Scheduled
EV-1081,IM4,2026-07-10,1M,Closed
EV-1082,IM4,2026-08-07,1M,Closed
EV-1083,IM4,2026-09-08,6M,Scheduled
EV-1084,IM4,2026-10-08,1M,Scheduled
EV-1085,IM4,2026-11-06,1M,Scheduled
EV-1086,IM4,2026-12-07,3M,Scheduled
EV-1087,IM4,2026-07-16,1W,Closed
EV-1088,IM4,2026-07-20,1W,Closed
EV-1089,IM4,2026-07-30,1W,Closed
EV-1090,IM4,2026-08-13,1W,Closed
EV-1091,IM4,2026-08-18,1W,Closed
EV-1092,IM4,2026-08-27,1W,Closed
EV-1093,IM4,2026-09-02,1W,Scheduled
EV-1094,IM4,2026-09-15,1W,Scheduled
EV-1095,IM4,2026-09-21,1W,Scheduled
EV-1096,IM4,2026-09-30,1W,Scheduled
EV-1097,IM4,2026-10-16,1W,Scheduled
EV-1098,IM4,2026-10-20,1W,Scheduled
EV-1099,IM4,2026-10-30,1W,Scheduled
EV-1100,IM4,2026-11-11,1W,Scheduled
EV-1101,IM4,2026-11-16,1W,Scheduled
EV-1102,IM4,2026-11-25,1W,Scheduled
EV-1103,IM4,2026-11-30,1W,Scheduled
EV-1104,IM4,2026-12-15,1W,Scheduled
EV-1105,IM4,2026-12-22,1W,Scheduled
EV-1106,IM4,2026-12-30,1W,Scheduled
EV-1107,IM5,2026-07-13,1M,Closed
EV-1108,IM5,2026-08-12,6M,Closed
EV-1109,IM5,2026-09-11,1M,Scheduled
EV-1110,IM5,2026-10-09,1M,Scheduled
EV-1111,IM5,2026-11-10,3M,Scheduled
EV-1112,IM5,2026-12-10,1M,Scheduled
EV-1113,IM5,2026-07-02,1W,Closed
EV-1114,IM5,2026-07-10,1W,Closed
EV-1115,IM5,2026-07-22,1W,Closed
EV-1116,IM5,2026-07-28,1W,Closed
EV-1117,IM5,2026-08-07,1W,Closed
EV-1118,IM5,2026-08-18,1W,Closed
EV-1119,IM5,2026-08-27,1W,Late
EV-1120,IM5,2026-09-02,1W,Scheduled
EV-1121,IM5,2026-09-14,1W,Scheduled
EV-1122,IM5,2026-09-23,1W,Scheduled
EV-1123,IM5,2026-09-28,1W,Scheduled
EV-1124,IM5,2026-10-13,1W,Scheduled
EV-1125,IM5,2026-10-19,1W,Scheduled
EV-1126,IM5,2026-10-26,1W,Scheduled
EV-1127,IM5,2026-11-04,1W,Scheduled
EV-1128,IM5,2026-11-18,1W,Scheduled
EV-1129,IM5,2026-11-23,1W,Scheduled
EV-1130,IM5,2026-12-04,1W,Scheduled
EV-1131,IM5,2026-12-15,1W,Scheduled
EV-1132,IM5,2026-12-23,1W,Scheduled
EV-1133,IM5,2026-12-30,1W,Scheduled
EV-1134,IM6,2026-07-16,6M,Closed
EV-1135,IM6,2026-08-14,1M,Closed
EV-1136,IM6,2026-09-14,1M,Scheduled
EV-1137,IM6,2026-10-14,3M,Scheduled
EV-1138,IM6,2026-11-13,1M,Scheduled
EV-1139,IM6,2026-12-11,1M,Scheduled
EV-1140,IM6,2026-07-02,1W,Closed
EV-1141,IM6,2026-07-07,1W,Closed
EV-1142,IM6,2026-07-20,1W,Closed
EV-1143,IM6,2026-07-27,1W,Closed
EV-1144,IM6,2026-08-04,1W,Closed
EV-1145,IM6,2026-08-21,1W,Closed
EV-1146,IM6,2026-08-24,1W,Closed
EV-1147,IM6,2026-09-01,1W,Scheduled
EV-1148,IM6,2026-09-07,1W,Scheduled
EV-1149,IM6,2026-09-24,1W,Scheduled
EV-1150,IM6,2026-09-29,1W,Scheduled
EV-1151,IM6,2026-10-08,1W,Scheduled
EV-1152,IM6,2026-10-22,1W,Scheduled
EV-1153,IM6,2026-10-27,1W,Scheduled
EV-1154,IM6,2026-11-05,1W,Scheduled
EV-1155,IM6,2026-11-20,1W,Scheduled
EV-1156,IM6,2026-11-25,1W,Scheduled
EV-1157,IM6,2026-12-04,1W,Scheduled
EV-1158,IM6,2026-12-15,1W,Scheduled
EV-1159,IM6,2026-12-25,1W,Scheduled
EV-1160,IM6,2026-12-31,1W,Scheduled
EV-1161,IM7,2026-07-17,1M,Closed
EV-1162,IM7,2026-08-18,1M,Closed
EV-1163,IM7,2026-09-17,3M,Scheduled
EV-1164,IM7,2026-10-16,1M,Scheduled
EV-1165,IM7,2026-11-16,1M,Scheduled
EV-1166,IM7,2026-12-16,6M,Scheduled
EV-1167,IM7,2026-07-08,1W,Closed
EV-1168,IM7,2026-07-20,1W,Closed
EV-1169,IM7,2026-07-29,1W,Closed
EV-1170,IM7,2026-08-07,1W,Closed
EV-1171,IM7,2026-08-11,1W,Closed
EV-1172,IM7,2026-08-24,1W,Closed
EV-1173,IM7,2026-09-04,1W,Scheduled
EV-1174,IM7,2026-09-09,1W,Scheduled
EV-1175,IM7,2026-09-24,1W,Scheduled
EV-1176,IM7,2026-09-28,1W,Scheduled
EV-1177,IM7,2026-10-06,1W,Scheduled
EV-1178,IM7,2026-10-22,1W,Scheduled
EV-1179,IM7,2026-10-30,1W,Scheduled
EV-1180,IM7,2026-11-03,1W,Scheduled
EV-1181,IM7,2026-11-13,1W,Scheduled
EV-1182,IM7,2026-11-23,1W,Scheduled
EV-1183,IM7,2026-11-30,1W,Scheduled
EV-1184,IM7,2026-12-08,1W,Scheduled
EV-1185,IM7,2026-12-21,1W,Scheduled
EV-1186,IM7,2026-12-31,1W,Scheduled
EV-1187,IM8,2026-07-22,1M,Closed
EV-1188,IM8,2026-08-21,3M,Closed
EV-1189,IM8,2026-09-18,1M,Scheduled
EV-1190,IM8,2026-10-20,1M,Scheduled
EV-1191,IM8,2026-11-19,6M,Scheduled
EV-1192,IM8,2026-12-18,1M,Scheduled
EV-1193,IM8,2026-07-02,1W,Closed
EV-1194,IM8,2026-07-10,1W,Closed
EV-1195,IM8,2026-07-15,1W,Closed
EV-1196,IM8,2026-07-29,1W,Closed
EV-1197,IM8,2026-08-03,1W,Closed
EV-1198,IM8,2026-08-11,1W,Closed
EV-1199,IM8,2026-08-28,1W,Closed
EV-1200,IM8,2026-08-31,1W,Scheduled
EV-1201,IM8,2026-09-11,1W,Scheduled
EV-1202,IM8,2026-09-24,1W,Scheduled
EV-1203,IM8,2026-10-01,1W,Scheduled
EV-1204,IM8,2026-10-06,1W,Scheduled
EV-1205,IM8,2026-10-16,1W,Scheduled
EV-1206,IM8,2026-10-26,1W,Scheduled
EV-1207,IM8,2026-11-06,1W,Scheduled
EV-1208,IM8,2026-11-11,1W,Scheduled
EV-1209,IM8,2026-11-24,1W,Scheduled
EV-1210,IM8,2026-12-03,1W,Scheduled
EV-1211,IM8,2026-12-11,1W,Scheduled
EV-1212,IM8,2026-12-23,1W,Scheduled
EV-1213,IM8,2026-12-29,1W,Scheduled
EV-1214,IM9,2026-07-24,3M,Closed
EV-1215,IM9,2026-08-24,1M,Late
EV-1216,IM9,2026-09-23,1M,Scheduled
EV-1217,IM9,2026-10-23,6M,Scheduled
EV-1218,IM9,2026-11-20,1M,Scheduled
EV-1219,IM9,2026-12-22,1M,Scheduled
EV-1220,IM9,2026-07-03,1W,Closed
EV-1221,IM9,2026-07-06,1W,Closed
EV-1222,IM9,2026-07-16,1W,Closed
EV-1223,IM9,2026-07-30,1W,Closed
EV-1224,IM9,2026-08-03,1W,Closed
EV-1225,IM9,2026-08-11,1W,Closed
EV-1226,IM9,2026-08-20,1W,Closed
EV-1227,IM9,2026-09-01,1W,Scheduled
EV-1228,IM9,2026-09-10,1W,Scheduled
EV-1229,IM9,2026-09-18,1W,Scheduled
EV-1230,IM9,2026-10-02,1W,Scheduled
EV-1231,IM9,2026-10-05,1W,Scheduled
EV-1232,IM9,2026-10-15,1W,Scheduled
EV-1233,IM9,2026-10-27,1W,Scheduled
EV-1234,IM9,2026-11-03,1W,Scheduled
EV-1235,IM9,2026-11-09,1W,Scheduled
EV-1236,IM9,2026-11-24,1W,Scheduled
EV-1237,IM9,2026-12-03,1W,Scheduled
EV-1238,IM9,2026-12-08,1W,Scheduled
EV-1239,IM9,2026-12-14,1W,Scheduled
EV-1240,IM9,2026-12-31,1W,Scheduled
EV-1241,IM10,2026-07-28,1M,Closed
EV-1242,IM10,2026-08-27,1M,Closed
EV-1243,IM10,2026-09-25,6M,Scheduled
EV-1244,IM10,2026-10-26,1M,Scheduled
EV-1245,IM10,2026-11-25,1M,Scheduled
EV-1246,IM10,2026-12-25,3M,Scheduled
EV-1247,IM10,2026-07-03,1W,Closed
EV-1248,IM10,2026-07-06,1W,Closed
EV-1249,IM10,2026-07-13,1W,Closed
EV-1250,IM10,2026-07-23,1W,Closed
EV-1251,IM10,2026-08-07,1W,Closed
EV-1252,IM10,2026-08-12,1W,Closed
EV-1253,IM10,2026-08-21,1W,Closed
EV-1254,IM10,2026-09-03,1W,Scheduled
EV-1255,IM10,2026-09-11,1W,Scheduled
EV-1256,IM10,2026-09-16,1W,Scheduled
EV-1257,IM10,2026-10-01,1W,Scheduled
EV-1258,IM10,2026-10-07,1W,Scheduled
EV-1259,IM10,2026-10-15,1W,Scheduled
EV-1260,IM10,2026-10-21,1W,Scheduled
EV-1261,IM10,2026-11-05,1W,Scheduled
EV-1262,IM10,2026-11-10,1W,Scheduled
EV-1263,IM10,2026-11-16,1W,Scheduled
EV-1264,IM10,2026-12-02,1W,Scheduled
EV-1265,IM10,2026-12-11,1W,Scheduled
EV-1266,IM10,2026-12-16,1W,Scheduled
EV-1267,IM10,2026-12-30,1W,Scheduled
EV-1268,IM11,2026-07-03,1M,Closed
EV-1269,IM11,2026-07-31,6M,Closed
EV-1270,IM11,2026-09-01,1M,Scheduled
EV-1271,IM11,2026-10-01,1M,Scheduled
EV-1272,IM11,2026-10-30,3M,Scheduled
EV-1273,IM11,2026-11-30,1M,Scheduled
EV-1274,IM11,2026-07-10,1W,Closed
EV-1275,IM11,2026-07-14,1W,Closed
EV-1276,IM11,2026-07-24,1W,Closed
EV-1277,IM11,2026-08-07,1W,Closed
EV-1278,IM11,2026-08-12,1W,Closed
EV-1279,IM11,2026-08-17,1W,Closed
EV-1280,IM11,2026-08-26,1W,Closed
EV-1281,IM11,2026-09-11,1W,Scheduled
EV-1282,IM11,2026-09-18,1W,Scheduled
EV-1283,IM11,2026-09-23,1W,Scheduled
EV-1284,IM11,2026-10-08,1W,Scheduled
EV-1285,IM11,2026-10-16,1W,Scheduled
EV-1286,IM11,2026-10-23,1W,Scheduled
EV-1287,IM11,2026-11-05,1W,Scheduled
EV-1288,IM11,2026-11-11,1W,Scheduled
EV-1289,IM11,2026-11-20,1W,Scheduled
EV-1290,IM11,2026-11-26,1W,Scheduled
EV-1291,IM11,2026-12-10,1W,Scheduled
EV-1292,IM11,2026-12-15,1W,Scheduled
EV-1293,IM11,2026-12-23,1W,Scheduled
EV-1294,IM11,2026-12-31,1W,Scheduled
EV-1295,IM12,2026-07-06,6M,Closed
EV-1296,IM12,2026-08-05,1M,Closed
EV-1297,IM12,2026-09-04,1M,Scheduled
EV-1298,IM12,2026-10-02,3M,Scheduled
EV-1299,IM12,2026-11-03,1M,Scheduled
EV-1300,IM12,2026-12-03,1M,Scheduled
EV-1301,IM12,2026-07-02,1W,Closed
EV-1302,IM12,2026-07-17,1W,Closed
EV-1303,IM12,2026-07-20,1W,Closed
EV-1304,IM12,2026-07-31,1W,Closed
EV-1305,IM12,2026-08-14,1W,Closed
EV-1306,IM12,2026-08-19,1W,Closed
EV-1307,IM12,2026-08-24,1W,Closed
EV-1308,IM12,2026-09-10,1W,Scheduled
EV-1309,IM12,2026-09-18,1W,Scheduled
EV-1310,IM12,2026-09-22,1W,Scheduled
EV-1311,IM12,2026-10-06,1W,Scheduled
EV-1312,IM12,2026-10-16,1W,Scheduled
EV-1313,IM12,2026-10-22,1W,Scheduled
EV-1314,IM12,2026-10-27,1W,Scheduled
EV-1315,IM12,2026-11-12,1W,Scheduled
EV-1316,IM12,2026-11-20,1W,Scheduled
EV-1317,IM12,2026-11-25,1W,Scheduled
EV-1318,IM12,2026-12-11,1W,Scheduled
EV-1319,IM12,2026-12-18,1W,Scheduled
EV-1320,IM12,2026-12-21,1W,Scheduled
EV-1321,IM12,2026-12-30,1W,Scheduled
EV-1322,IM14,2026-07-09,1M,Closed
EV-1323,IM14,2026-08-07,1M,Closed
EV-1324,IM14,2026-09-07,3M,Scheduled
EV-1325,IM14,2026-10-07,1M,Scheduled
EV-1326,IM14,2026-11-06,1M,Scheduled
EV-1327,IM14,2026-12-04,6M,Scheduled
EV-1328,IM14,2026-07-17,1W,Closed
EV-1329,IM14,2026-07-24,1W,Closed
EV-1330,IM14,2026-07-28,1W,Closed
EV-1331,IM14,2026-08-14,1W,Closed
EV-1332,IM14,2026-08-17,1W,Closed
EV-1333,IM14,2026-08-24,1W,Closed
EV-1334,IM14,2026-09-03,1W,Scheduled
EV-1335,IM14,2026-09-15,1W,Scheduled
EV-1336,IM14,2026-09-22,1W,Scheduled
EV-1337,IM14,2026-09-29,1W,Scheduled
EV-1338,IM14,2026-10-16,1W,Scheduled
EV-1339,IM14,2026-10-19,1W,Scheduled
EV-1340,IM14,2026-10-29,1W,Scheduled
EV-1341,IM14,2026-11-12,1W,Scheduled
EV-1342,IM14,2026-11-17,1W,Scheduled
EV-1343,IM14,2026-11-25,1W,Scheduled
EV-1344,IM14,2026-12-09,1W,Scheduled
EV-1345,IM14,2026-12-17,1W,Scheduled
EV-1346,IM14,2026-12-23,1W,Scheduled
EV-1347,IM14,2026-12-28,1W,Scheduled
EV-1348,IM15,2026-07-10,1M,Closed
EV-1349,IM15,2026-08-11,3M,Closed
EV-1350,IM15,2026-09-10,1M,Scheduled
EV-1351,IM15,2026-10-09,1M,Scheduled
EV-1352,IM15,2026-11-09,6M,Scheduled
EV-1353,IM15,2026-12-09,1M,Scheduled
EV-1354,IM15,2026-07-01,1W,Closed
EV-1355,IM15,2026-07-15,1W,Closed
EV-1356,IM15,2026-07-23,1W,Closed
EV-1357,IM15,2026-07-31,1W,Closed
EV-1358,IM15,2026-08-07,1W,Closed
EV-1359,IM15,2026-08-20,1W,Closed
EV-1360,IM15,2026-08-28,1W,Closed
EV-1361,IM15,2026-08-31,1W,Scheduled
EV-1362,IM15,2026-09-16,1W,Scheduled
EV-1363,IM15,2026-09-22,1W,Scheduled
EV-1364,IM15,2026-09-30,1W,Scheduled
EV-1365,IM15,2026-10-15,1W,Scheduled
EV-1366,IM15,2026-10-20,1W,Scheduled
EV-1367,IM15,2026-10-28,1W,Scheduled
EV-1368,IM15,2026-11-03,1W,Scheduled
EV-1369,IM15,2026-11-16,1W,Scheduled
EV-1370,IM15,2026-11-26,1W,Scheduled
EV-1371,IM15,2026-11-30,1W,Scheduled
EV-1372,IM15,2026-12-15,1W,Scheduled
EV-1373,IM15,2026-12-25,1W,Scheduled
EV-1374,IM15,2026-12-30,1W,Scheduled
EV-1375,IM16,2026-07-15,3M,Closed
EV-1376,IM16,2026-08-14,1M,Closed
EV-1377,IM16,2026-09-11,1M,Scheduled
EV-1378,IM16,2026-10-13,6M,Scheduled
EV-1379,IM16,2026-11-12,1M,Scheduled
EV-1380,IM16,2026-12-11,1M,Scheduled
EV-1381,IM16,2026-07-08,1W,Closed
EV-1382,IM16,2026-07-22,1W,Closed
EV-1383,IM16,2026-07-29,1W,Closed
EV-1384,IM16,2026-08-07,1W,Closed
EV-1385,IM16,2026-08-20,1W,Closed
EV-1386,IM16,2026-08-28,1W,Closed
EV-1387,IM16,2026-09-04,1W,Scheduled
EV-1388,IM16,2026-09-15,1W,Scheduled
EV-1389,IM16,2026-09-25,1W,Scheduled
EV-1390,IM16,2026-10-01,1W,Scheduled
EV-1391,IM16,2026-10-06,1W,Scheduled
EV-1392,IM16,2026-10-20,1W,Scheduled
EV-1393,IM16,2026-10-27,1W,Scheduled
EV-1394,IM16,2026-11-03,1W,Scheduled
EV-1395,IM16,2026-11-17,1W,Scheduled
EV-1396,IM16,2026-11-25,1W,Scheduled
EV-1397,IM16,2026-12-01,1W,Scheduled
EV-1398,IM16,2026-12-14,1W,Scheduled
EV-1399,IM16,2026-12-22,1W,Scheduled
EV-1400,IM16,2026-12-28,1W,Scheduled
EV-1401,IM17,2026-07-17,1M,Closed
EV-1402,IM17,2026-08-17,1M,Closed
EV-1403,IM17,2026-09-16,6M,Scheduled
EV-1404,IM17,2026-10-16,1M,Scheduled
EV-1405,IM17,2026-11-13,1M,Scheduled
EV-1406,IM17,2026-12-15,3M,Scheduled
EV-1407,IM17,2026-07-03,1W,Closed
EV-1408,IM17,2026-07-09,1W,Closed
EV-1409,IM17,2026-07-22,1W,Closed
EV-1410,IM17,2026-07-28,1W,Closed
EV-1411,IM17,2026-08-05,1W,Closed
EV-1412,IM17,2026-08-10,1W,Closed
EV-1413,IM17,2026-08-27,1W,Closed
EV-1414,IM17,2026-08-31,1W,Scheduled
EV-1415,IM17,2026-09-11,1W,Scheduled
EV-1416,IM17,2026-09-23,1W,Scheduled
EV-1417,IM17,2026-09-30,1W,Scheduled
EV-1418,IM17,2026-10-09,1W,Scheduled
EV-1419,IM17,2026-10-20,1W,Scheduled
EV-1420,IM17,2026-10-27,1W,Scheduled
EV-1421,IM17,2026-11-02,1W,Scheduled
EV-1422,IM17,2026-11-19,1W,Scheduled
EV-1423,IM17,2026-11-23,1W,Scheduled
EV-1424,IM17,2026-12-04,1W,Scheduled
EV-1425,IM17,2026-12-11,1W,Scheduled
EV-1426,IM17,2026-12-22,1W,Scheduled
EV-1427,IM17,2026-12-30,1W,Scheduled
EV-1428,IM18,2026-07-21,1M,Closed
EV-1429,IM18,2026-08-20,6M,Closed
EV-1430,IM18,2026-09-18,1M,Scheduled
EV-1431,IM18,2026-10-19,1M,Scheduled
EV-1432,IM18,2026-11-18,3M,Scheduled
EV-1433,IM18,2026-12-18,1M,Scheduled
EV-1434,IM18,2026-07-03,1W,Closed
EV-1435,IM18,2026-07-06,1W,Closed
EV-1436,IM18,2026-07-13,1W,Closed
EV-1437,IM18,2026-07-27,1W,Closed
EV-1438,IM18,2026-08-06,1W,Closed
EV-1439,IM18,2026-08-13,1W,Closed
EV-1440,IM18,2026-08-24,1W,Closed
EV-1441,IM18,2026-09-02,1W,Scheduled
EV-1442,IM18,2026-09-08,1W,Scheduled
EV-1443,IM18,2026-09-21,1W,Scheduled
EV-1444,IM18,2026-10-02,1W,Scheduled
EV-1445,IM18,2026-10-07,1W,Scheduled
EV-1446,IM18,2026-10-16,1W,Scheduled
EV-1447,IM18,2026-10-28,1W,Scheduled
EV-1448,IM18,2026-11-06,1W,Scheduled
EV-1449,IM18,2026-11-11,1W,Scheduled
EV-1450,IM18,2026-11-26,1W,Scheduled
EV-1451,IM18,2026-12-03,1W,Scheduled
EV-1452,IM18,2026-12-09,1W,Scheduled
EV-1453,IM18,2026-12-22,1W,Scheduled
EV-1454,IM18,2027-01-01,1W,Scheduled
EV-1455,IM19,2026-07-24,6M,Closed
EV-1456,IM19,2026-08-21,1M,Closed
EV-1457,IM19,2026-09-22,1M,Scheduled
EV-1458,IM19,2026-10-22,3M,Scheduled
EV-1459,IM19,2026-11-20,1M,Scheduled
EV-1460,IM19,2026-12-21,1M,Scheduled
EV-1461,IM19,2026-07-08,1W,Closed
EV-1462,IM19,2026-07-15,1W,Closed
EV-1463,IM19,2026-07-30,1W,Closed
EV-1464,IM19,2026-08-05,1W,Closed
EV-1465,IM19,2026-08-10,1W,Closed
EV-1466,IM19,2026-08-27,1W,Closed
EV-1467,IM19,2026-09-01,1W,Scheduled
EV-1468,IM19,2026-09-07,1W,Scheduled
EV-1469,IM19,2026-09-14,1W,Scheduled
EV-1470,IM19,2026-09-30,1W,Scheduled
EV-1471,IM19,2026-10-08,1W,Scheduled
EV-1472,IM19,2026-10-13,1W,Scheduled
EV-1473,IM19,2026-10-27,1W,Scheduled
EV-1474,IM19,2026-11-04,1W,Scheduled
EV-1475,IM19,2026-11-09,1W,Scheduled
EV-1476,IM19,2026-11-26,1W,Scheduled
EV-1477,IM19,2026-11-30,1W,Scheduled
EV-1478,IM19,2026-12-10,1W,Scheduled
EV-1479,IM19,2026-12-18,1W,Scheduled
EV-1480,IM19,2027-01-01,1W,Scheduled
